signal,signal_len,dataset,interval,count,anomaly_len
P-1,11377.0,SMAP,21600.0,3.0,"[200.0000462962963, 308.0000462962963, 240.0000462962963]"
S-1,10149.0,SMAP,21600.0,1.0,[447.0000462962963]
E-1,11396.0,SMAP,21600.0,2.0,"[30.000046296296297, 476.0000462962963]"
E-2,11412.0,SMAP,21600.0,1.0,[1397.0000462962962]
E-3,11187.0,SMAP,21600.0,1.0,[3280.000046296296]
E-4,11234.0,SMAP,21600.0,1.0,[2811.000046296296]
E-5,11174.0,SMAP,21600.0,1.0,[320.0000462962963]
E-6,11180.0,SMAP,21600.0,1.0,[65.00004629629629]
E-7,11079.0,SMAP,21600.0,1.0,[280.0000462962963]
E-8,11412.0,SMAP,21600.0,1.0,[622.0000462962963]
E-9,11182.0,SMAP,21600.0,1.0,[350.0000462962963]
E-10,11385.0,SMAP,21600.0,2.0,"[50.0000462962963, 270.0000462962963]"
E-11,11394.0,SMAP,21600.0,2.0,"[50.0000462962963, 243.0000462962963]"
E-12,11392.0,SMAP,21600.0,2.0,"[531.0000462962963, 50.0000462962963]"
E-13,11520.0,SMAP,21600.0,3.0,"[101.00004629629629, 40.0000462962963, 120.00004629629629]"
A-1,11520.0,SMAP,21600.0,1.0,[84.00004629629629]
D-1,11358.0,SMAP,21600.0,1.0,[3345.000046296296]
P-3,11348.0,SMAP,21600.0,1.0,[1335.0000462962962]
D-2,11475.0,SMAP,21600.0,1.0,[4217.000046296296]
D-3,11520.0,SMAP,21600.0,1.0,[3275.000046296296]
D-4,11306.0,SMAP,21600.0,1.0,[3275.000046296296]
A-2,10562.0,SMAP,21600.0,1.0,[110.00004629629629]
A-3,10941.0,SMAP,21600.0,1.0,[185.0000462962963]
A-4,10770.0,SMAP,21600.0,1.0,[110.00004629629629]
G-1,11289.0,SMAP,21600.0,1.0,[120.00004629629629]
G-2,9839.0,SMAP,21600.0,1.0,[40.0000462962963]
D-5,10189.0,SMAP,21600.0,1.0,[50.0000462962963]
D-6,10478.0,SMAP,21600.0,1.0,[80.00004629629629]
D-7,10225.0,SMAP,21600.0,1.0,[2710.000046296296]
F-1,11453.0,SMAP,21600.0,1.0,[100.00004629629629]
P-4,10392.0,SMAP,21600.0,3.0,"[130.0000462962963, 200.0000462962963, 110.00004629629629]"
G-3,10531.0,SMAP,21600.0,1.0,[50.0000462962963]
T-1,11487.0,SMAP,21600.0,2.0,"[1499.0000462962962, 35.0000462962963]"
T-2,11480.0,SMAP,21600.0,1.0,[1797.0000462962962]
D-8,10476.0,SMAP,21600.0,1.0,[50.0000462962963]
D-9,9989.0,SMAP,21600.0,1.0,[1405.0000462962962]
F-2,11487.0,SMAP,21600.0,1.0,[3206.000046296296]
G-4,10183.0,SMAP,21600.0,1.0,[30.000046296296297]
T-3,11455.0,SMAP,21600.0,2.0,"[82.00004629629629, 100.00004629629629]"
D-11,10042.0,SMAP,21600.0,1.0,[60.0000462962963]
D-12,8230.0,SMAP,21600.0,1.0,[2989.000046296296]
B-1,10479.0,SMAP,21600.0,1.0,[70.00004629629629]
G-6,11521.0,SMAP,21600.0,1.0,[100.00004629629629]
G-7,10475.0,SMAP,21600.0,3.0,"[100.00004629629629, 50.0000462962963, 115.00004629629629]"
P-7,10924.0,SMAP,21600.0,1.0,[1650.0000462962962]
R-1,10118.0,SMAP,21600.0,1.0,[80.00004629629629]
A-5,5398.0,SMAP,21600.0,1.0,[50.0000462962963]
A-6,5135.0,SMAP,21600.0,1.0,[40.0000462962963]
A-7,11510.0,SMAP,21600.0,1.0,[2400.000046296296]
D-13,9153.0,SMAP,21600.0,1.0,[160.0000462962963]
A-8,9137.0,SMAP,21600.0,1.0,[4055.000046296296]
A-9,9196.0,SMAP,21600.0,1.0,[4114.000046296296]
F-3,11256.0,SMAP,21600.0,1.0,[40.0000462962963]
M-6,3614.0,MSL,21600.0,1.0,[180.0000462962963]
M-1,4486.0,MSL,21600.0,1.0,[1140.0000462962962]
M-2,4485.0,MSL,21600.0,1.0,[1140.0000462962962]
S-2,2753.0,MSL,21600.0,1.0,[10.000046296296297]
P-10,10408.0,MSL,21600.0,1.0,[130.0000462962963]
T-4,4489.0,MSL,21600.0,1.0,[68.00004629629629]
T-5,4490.0,MSL,21600.0,1.0,[25.000046296296297]
F-7,7565.0,MSL,21600.0,3.0,"[200.0000462962963, 120.00004629629629, 100.00004629629629]"
M-3,4164.0,MSL,21600.0,1.0,[250.0000462962963]
M-4,4114.0,MSL,21600.0,1.0,[250.0000462962963]
M-5,4335.0,MSL,21600.0,1.0,[300.0000462962963]
P-15,6538.0,MSL,21600.0,1.0,[20.000046296296297]
C-1,4422.0,MSL,21600.0,2.0,"[200.0000462962963, 110.00004629629629]"
C-2,2815.0,MSL,21600.0,2.0,"[100.00004629629629, 35.0000462962963]"
T-12,3575.0,MSL,21600.0,1.0,[120.00004629629629]
T-13,3575.0,MSL,21600.0,2.0,"[100.00004629629629, 150.0000462962963]"
F-4,5666.0,MSL,21600.0,1.0,[70.00004629629629]
F-5,6520.0,MSL,21600.0,1.0,[150.0000462962963]
D-14,6300.0,MSL,21600.0,2.0,"[20.000046296296297, 200.0000462962963]"
T-9,1535.0,MSL,21600.0,2.0,"[30.000046296296297, 80.00004629629629]"
P-14,8980.0,MSL,21600.0,1.0,[180.0000462962963]
T-8,2267.0,MSL,21600.0,2.0,"[60.0000462962963, 40.0000462962963]"
P-11,7504.0,MSL,21600.0,2.0,"[120.00004629629629, 106.00004629629629]"
D-15,4232.0,MSL,21600.0,1.0,[640.0000462962963]
D-16,3642.0,MSL,21600.0,1.0,[650.0000462962963]
M-7,3743.0,MSL,21600.0,1.0,[100.00004629629629]
F-8,5829.0,MSL,21600.0,1.0,[675.0000462962963]
real_59,1423.0,YAHOOA1,1.0,0.0,[]
real_65,1424.0,YAHOOA1,1.0,3.0,"[12.0, 2.0, 3.0]"
real_64,1441.0,YAHOOA1,1.0,0.0,[]
real_58,1435.0,YAHOOA1,1.0,1.0,[43.0]
real_66,1424.0,YAHOOA1,1.0,6.0,"[4.0, 3.0, 3.0, 1.0, 2.0, 8.0]"
real_67,1423.0,YAHOOA1,1.0,5.0,"[2.0, 6.0, 5.0, 4.0, 6.0]"
real_63,1439.0,YAHOOA1,1.0,1.0,[8.0]
real_62,741.0,YAHOOA1,1.0,5.0,"[2.0, 1.0, 1.0, 1.0, 2.0]"
real_60,1461.0,YAHOOA1,1.0,5.0,"[2.0, 3.0, 1.0, 5.0, 5.0]"
real_48,1439.0,YAHOOA1,1.0,1.0,[24.0]
real_49,1461.0,YAHOOA1,1.0,1.0,[3.0]
real_61,1441.0,YAHOOA1,1.0,2.0,"[23.0, 1.0]"
real_12,1439.0,YAHOOA1,1.0,2.0,"[1.0, 2.0]"
real_5,1439.0,YAHOOA1,1.0,1.0,[2.0]
real_4,1423.0,YAHOOA1,1.0,3.0,"[1.0, 1.0, 3.0]"
real_13,1439.0,YAHOOA1,1.0,3.0,"[3.0, 3.0, 6.0]"
real_39,1427.0,YAHOOA1,1.0,4.0,"[5.0, 3.0, 1.0, 1.0]"
real_11,1439.0,YAHOOA1,1.0,1.0,[19.0]
real_6,1439.0,YAHOOA1,1.0,1.0,[8.0]
real_7,1423.0,YAHOOA1,1.0,3.0,"[23.0, 23.0, 15.0]"
real_10,1439.0,YAHOOA1,1.0,1.0,[13.0]
real_38,1427.0,YAHOOA1,1.0,3.0,"[1.0, 2.0, 6.0]"
real_14,1439.0,YAHOOA1,1.0,1.0,[2.0]
real_28,1441.0,YAHOOA1,1.0,4.0,"[1.0, 79.0, 1.0, 1.0]"
real_3,1461.0,YAHOOA1,1.0,2.0,"[1.0, 14.0]"
real_2,1439.0,YAHOOA1,1.0,2.0,"[3.0, 13.0]"
real_29,1441.0,YAHOOA1,1.0,5.0,"[1.0, 2.0, 1.0, 2.0, 1.0]"
real_15,1439.0,YAHOOA1,1.0,3.0,"[2.0, 3.0, 5.0]"
real_17,1424.0,YAHOOA1,1.0,3.0,"[114.0, 35.0, 78.0]"
real_1,1420.0,YAHOOA1,1.0,2.0,"[1.0, 1.0]"
real_16,1461.0,YAHOOA1,1.0,1.0,[3.0]
real_33,1439.0,YAHOOA1,1.0,1.0,[2.0]
real_27,1427.0,YAHOOA1,1.0,2.0,"[1.0, 1.0]"
real_26,1435.0,YAHOOA1,1.0,5.0,"[7.0, 23.0, 26.0, 18.0, 1.0]"
real_32,1427.0,YAHOOA1,1.0,2.0,"[23.0, 24.0]"
real_18,1461.0,YAHOOA1,1.0,1.0,[3.0]
real_24,1461.0,YAHOOA1,1.0,3.0,"[1.0, 1.0, 14.0]"
real_30,1461.0,YAHOOA1,1.0,2.0,"[1.0, 8.0]"
real_31,1427.0,YAHOOA1,1.0,2.0,"[23.0, 1.0]"
real_25,1435.0,YAHOOA1,1.0,1.0,[43.0]
real_19,1424.0,YAHOOA1,1.0,3.0,"[113.0, 36.0, 78.0]"
real_21,1420.0,YAHOOA1,1.0,2.0,"[1.0, 5.0]"
real_35,1427.0,YAHOOA1,1.0,0.0,[]
real_34,1427.0,YAHOOA1,1.0,4.0,"[1.0, 1.0, 4.0, 1.0]"
real_20,1422.0,YAHOOA1,1.0,3.0,"[24.0, 2.0, 7.0]"
real_36,1461.0,YAHOOA1,1.0,2.0,"[4.0, 1.0]"
real_22,1420.0,YAHOOA1,1.0,1.0,[63.0]
real_9,1461.0,YAHOOA1,1.0,4.0,"[4.0, 1.0, 1.0, 2.0]"
real_8,1420.0,YAHOOA1,1.0,3.0,"[2.0, 1.0, 7.0]"
real_23,1420.0,YAHOOA1,1.0,12.0,"[2.0, 1.0, 1.0, 3.0, 3.0, 1.0, 1.0, 1.0, 1.0, 1.0, 2.0, 2.0]"
real_37,1434.0,YAHOOA1,1.0,2.0,"[31.0, 3.0]"
real_50,1439.0,YAHOOA1,1.0,1.0,[7.0]
real_44,1461.0,YAHOOA1,1.0,3.0,"[6.0, 1.0, 2.0]"
real_45,1440.0,YAHOOA1,1.0,1.0,[1.0]
real_51,1427.0,YAHOOA1,1.0,3.0,"[1.0, 2.0, 1.0]"
real_47,1427.0,YAHOOA1,1.0,5.0,"[4.0, 1.0, 2.0, 2.0, 1.0]"
real_53,1461.0,YAHOOA1,1.0,4.0,"[1.0, 1.0, 1.0, 14.0]"
real_52,1432.0,YAHOOA1,1.0,4.0,"[2.0, 2.0, 1.0, 6.0]"
real_46,1441.0,YAHOOA1,1.0,3.0,"[107.0, 1.0, 1.0]"
real_42,1440.0,YAHOOA1,1.0,3.0,"[10.0, 17.0, 17.0]"
real_56,1427.0,YAHOOA1,1.0,4.0,"[1.0, 2.0, 1.0, 1.0]"
real_57,1441.0,YAHOOA1,1.0,3.0,"[1.0, 1.0, 1.0]"
real_43,1440.0,YAHOOA1,1.0,3.0,"[5.0, 3.0, 24.0]"
real_55,1427.0,YAHOOA1,1.0,4.0,"[1.0, 2.0, 1.0, 1.0]"
real_41,1435.0,YAHOOA1,1.0,3.0,"[1.0, 1.0, 1.0]"
real_40,1427.0,YAHOOA1,1.0,2.0,"[79.0, 1.0]"
real_54,741.0,YAHOOA1,1.0,2.0,"[2.0, 2.0]"
synthetic_85,1421.0,YAHOOA2,1.0,2.0,"[2.0, 2.0]"
synthetic_91,1421.0,YAHOOA2,1.0,2.0,"[2.0, 2.0]"
synthetic_46,1421.0,YAHOOA2,1.0,2.0,"[2.0, 2.0]"
synthetic_52,1421.0,YAHOOA2,1.0,2.0,"[2.0, 2.0]"
synthetic_53,1421.0,YAHOOA2,1.0,3.0,"[3.0, 3.0, 3.0]"
synthetic_47,1421.0,YAHOOA2,1.0,3.0,"[3.0, 3.0, 3.0]"
synthetic_90,1421.0,YAHOOA2,1.0,1.0,[1.0]
synthetic_84,1421.0,YAHOOA2,1.0,1.0,[1.0]
synthetic_92,1421.0,YAHOOA2,1.0,3.0,"[3.0, 3.0, 3.0]"
synthetic_86,1421.0,YAHOOA2,1.0,3.0,"[3.0, 3.0, 3.0]"
synthetic_51,1421.0,YAHOOA2,1.0,1.0,[1.0]
synthetic_45,1421.0,YAHOOA2,1.0,1.0,[1.0]
synthetic_79,1421.0,YAHOOA2,1.0,2.0,"[2.0, 2.0]"
synthetic_78,1421.0,YAHOOA2,1.0,1.0,[1.0]
synthetic_100,1421.0,YAHOOA2,1.0,2.0,"[2.0, 2.0]"
synthetic_44,1421.0,YAHOOA2,1.0,3.0,"[3.0, 3.0, 3.0]"
synthetic_50,1421.0,YAHOOA2,1.0,3.0,"[3.0, 3.0, 3.0]"
synthetic_87,1421.0,YAHOOA2,1.0,1.0,[1.0]
synthetic_93,1421.0,YAHOOA2,1.0,1.0,[1.0]
synthetic_97,1421.0,YAHOOA2,1.0,2.0,"[2.0, 2.0]"
synthetic_83,1421.0,YAHOOA2,1.0,3.0,"[3.0, 3.0, 3.0]"
synthetic_68,1421.0,YAHOOA2,1.0,3.0,"[3.0, 3.0, 3.0]"
synthetic_54,1421.0,YAHOOA2,1.0,1.0,[1.0]
synthetic_40,1421.0,YAHOOA2,1.0,2.0,"[2.0, 2.0]"
synthetic_41,1421.0,YAHOOA2,1.0,3.0,"[3.0, 3.0, 3.0]"
synthetic_55,1421.0,YAHOOA2,1.0,2.0,"[2.0, 2.0]"
synthetic_69,1421.0,YAHOOA2,1.0,1.0,[1.0]
synthetic_82,1421.0,YAHOOA2,1.0,2.0,"[2.0, 2.0]"
synthetic_96,1421.0,YAHOOA2,1.0,1.0,[1.0]
synthetic_80,1421.0,YAHOOA2,1.0,3.0,"[3.0, 3.0, 3.0]"
synthetic_94,1421.0,YAHOOA2,1.0,2.0,"[2.0, 2.0]"
synthetic_43,1421.0,YAHOOA2,1.0,2.0,"[2.0, 2.0]"
synthetic_57,1421.0,YAHOOA2,1.0,1.0,[1.0]
synthetic_56,1421.0,YAHOOA2,1.0,3.0,"[3.0, 3.0, 3.0]"
synthetic_42,1421.0,YAHOOA2,1.0,1.0,[1.0]
synthetic_95,1421.0,YAHOOA2,1.0,3.0,"[3.0, 3.0, 3.0]"
synthetic_81,1421.0,YAHOOA2,1.0,1.0,[1.0]
synthetic_25,1421.0,YAHOOA2,1.0,2.0,"[2.0, 2.0]"
synthetic_31,1421.0,YAHOOA2,1.0,2.0,"[2.0, 2.0]"
synthetic_19,1421.0,YAHOOA2,1.0,2.0,"[2.0, 2.0]"
synthetic_18,1421.0,YAHOOA2,1.0,1.0,[1.0]
synthetic_30,1421.0,YAHOOA2,1.0,1.0,[1.0]
synthetic_24,1421.0,YAHOOA2,1.0,1.0,[1.0]
synthetic_32,1421.0,YAHOOA2,1.0,3.0,"[3.0, 3.0, 3.0]"
synthetic_26,1421.0,YAHOOA2,1.0,3.0,"[3.0, 3.0, 3.0]"
synthetic_27,1421.0,YAHOOA2,1.0,1.0,[1.0]
synthetic_33,1421.0,YAHOOA2,1.0,1.0,[1.0]
synthetic_8,1421.0,YAHOOA2,1.0,3.0,"[3.0, 3.0, 3.0]"
synthetic_37,1421.0,YAHOOA2,1.0,2.0,"[2.0, 2.0]"
synthetic_23,1421.0,YAHOOA2,1.0,3.0,"[3.0, 3.0, 3.0]"
synthetic_22,1421.0,YAHOOA2,1.0,2.0,"[2.0, 2.0]"
synthetic_36,1421.0,YAHOOA2,1.0,1.0,[1.0]
synthetic_9,1421.0,YAHOOA2,1.0,1.0,[1.0]
synthetic_20,1421.0,YAHOOA2,1.0,3.0,"[3.0, 3.0, 3.0]"
synthetic_34,1421.0,YAHOOA2,1.0,2.0,"[2.0, 2.0]"
synthetic_35,1421.0,YAHOOA2,1.0,3.0,"[3.0, 3.0, 3.0]"
synthetic_21,1421.0,YAHOOA2,1.0,1.0,[1.0]
synthetic_7,1421.0,YAHOOA2,1.0,2.0,"[2.0, 2.0]"
synthetic_10,1421.0,YAHOOA2,1.0,2.0,"[2.0, 2.0]"
synthetic_38,1421.0,YAHOOA2,1.0,3.0,"[3.0, 3.0, 3.0]"
synthetic_39,1421.0,YAHOOA2,1.0,1.0,[1.0]
synthetic_11,1421.0,YAHOOA2,1.0,3.0,"[3.0, 3.0, 3.0]"
synthetic_6,1421.0,YAHOOA2,1.0,1.0,[1.0]
synthetic_4,1421.0,YAHOOA2,1.0,2.0,"[2.0, 2.0]"
synthetic_13,1421.0,YAHOOA2,1.0,2.0,"[2.0, 2.0]"
synthetic_12,1421.0,YAHOOA2,1.0,1.0,[1.0]
synthetic_5,1421.0,YAHOOA2,1.0,3.0,"[3.0, 3.0, 3.0]"
synthetic_1,1421.0,YAHOOA2,1.0,2.0,"[2.0, 2.0]"
synthetic_16,1421.0,YAHOOA2,1.0,2.0,"[2.0, 2.0]"
synthetic_17,1421.0,YAHOOA2,1.0,3.0,"[3.0, 3.0, 3.0]"
synthetic_2,1421.0,YAHOOA2,1.0,3.0,"[3.0, 3.0, 3.0]"
synthetic_29,1421.0,YAHOOA2,1.0,3.0,"[3.0, 3.0, 3.0]"
synthetic_15,1421.0,YAHOOA2,1.0,1.0,[1.0]
synthetic_14,1421.0,YAHOOA2,1.0,3.0,"[3.0, 3.0, 3.0]"
synthetic_28,1421.0,YAHOOA2,1.0,2.0,"[2.0, 2.0]"
synthetic_3,1421.0,YAHOOA2,1.0,1.0,[1.0]
synthetic_98,1421.0,YAHOOA2,1.0,3.0,"[3.0, 3.0, 3.0]"
synthetic_67,1421.0,YAHOOA2,1.0,2.0,"[2.0, 2.0]"
synthetic_73,1421.0,YAHOOA2,1.0,2.0,"[2.0, 2.0]"
synthetic_72,1421.0,YAHOOA2,1.0,1.0,[1.0]
synthetic_66,1421.0,YAHOOA2,1.0,1.0,[1.0]
synthetic_99,1421.0,YAHOOA2,1.0,1.0,[1.0]
synthetic_70,1421.0,YAHOOA2,1.0,2.0,"[2.0, 2.0]"
synthetic_64,1421.0,YAHOOA2,1.0,2.0,"[2.0, 2.0]"
synthetic_58,1421.0,YAHOOA2,1.0,2.0,"[2.0, 2.0]"
synthetic_59,1421.0,YAHOOA2,1.0,3.0,"[3.0, 3.0, 3.0]"
synthetic_65,1421.0,YAHOOA2,1.0,3.0,"[3.0, 3.0, 3.0]"
synthetic_71,1421.0,YAHOOA2,1.0,3.0,"[3.0, 3.0, 3.0]"
synthetic_49,1421.0,YAHOOA2,1.0,2.0,"[2.0, 2.0]"
synthetic_75,1421.0,YAHOOA2,1.0,1.0,[1.0]
synthetic_61,1421.0,YAHOOA2,1.0,2.0,"[2.0, 2.0]"
synthetic_60,1421.0,YAHOOA2,1.0,1.0,[1.0]
synthetic_74,1421.0,YAHOOA2,1.0,3.0,"[3.0, 3.0, 3.0]"
synthetic_48,1421.0,YAHOOA2,1.0,1.0,[1.0]
synthetic_89,1421.0,YAHOOA2,1.0,3.0,"[3.0, 3.0, 3.0]"
synthetic_62,1421.0,YAHOOA2,1.0,3.0,"[3.0, 3.0, 3.0]"
synthetic_76,1421.0,YAHOOA2,1.0,2.0,"[2.0, 2.0]"
synthetic_77,1421.0,YAHOOA2,1.0,3.0,"[3.0, 3.0, 3.0]"
synthetic_63,1421.0,YAHOOA2,1.0,1.0,[1.0]
synthetic_88,1421.0,YAHOOA2,1.0,2.0,"[2.0, 2.0]"
A3Benchmark-TS12,1680.0,YAHOOA3,1.0,13.0,"[1.0, 1.0, 1.0, 1.0, 1.0, 1.0, 1.0, 1.0, 1.0, 1.0, 1.0, 1.0, 1.0]"
A3Benchmark-TS13,1680.0,YAHOOA3,1.0,9.0,"[1.0, 1.0, 1.0, 1.0, 1.0, 1.0, 1.0, 1.0, 1.0]"
A3Benchmark-TS11,1680.0,YAHOOA3,1.0,7.0,"[1.0, 1.0, 1.0, 1.0, 1.0, 1.0, 1.0]"
A3Benchmark-TS39,1680.0,YAHOOA3,1.0,12.0,"[1.0, 1.0, 1.0, 1.0, 1.0, 1.0, 1.0, 1.0, 1.0, 1.0, 1.0, 1.0]"
A3Benchmark-TS38,1680.0,YAHOOA3,1.0,3.0,"[1.0, 1.0, 1.0]"
A3Benchmark-TS10,1680.0,YAHOOA3,1.0,9.0,"[1.0, 1.0, 1.0, 1.0, 1.0, 2.0, 1.0, 1.0, 1.0]"
A3Benchmark-TS28,1680.0,YAHOOA3,1.0,2.0,"[1.0, 1.0]"
A3Benchmark-TS14,1680.0,YAHOOA3,1.0,15.0,"[1.0, 1.0, 1.0, 1.0, 1.0, 1.0, 1.0, 1.0, 1.0, 1.0, 1.0, 1.0, 1.0, 1.0, 1.0]"
A3Benchmark-TS15,1680.0,YAHOOA3,1.0,6.0,"[1.0, 1.0, 1.0, 1.0, 1.0, 1.0]"
A3Benchmark-TS29,1680.0,YAHOOA3,1.0,4.0,"[1.0, 1.0, 1.0, 1.0]"
A3Benchmark-TS17,1680.0,YAHOOA3,1.0,1.0,[1.0]
A3Benchmark-TS16,1680.0,YAHOOA3,1.0,9.0,"[1.0, 1.0, 1.0, 1.0, 1.0, 1.0, 1.0, 1.0, 1.0]"
A3Benchmark-TS65,1680.0,YAHOOA3,1.0,7.0,"[1.0, 1.0, 1.0, 1.0, 1.0, 1.0, 1.0]"
A3Benchmark-TS71,1680.0,YAHOOA3,1.0,16.0,"[1.0, 1.0, 1.0, 1.0, 1.0, 1.0, 1.0, 1.0, 1.0, 1.0, 1.0, 1.0, 1.0, 1.0, 1.0, 1.0]"
A3Benchmark-TS59,1680.0,YAHOOA3,1.0,11.0,"[1.0, 1.0, 1.0, 1.0, 1.0, 1.0, 1.0, 1.0, 1.0, 1.0, 1.0]"
A3Benchmark-TS5,1680.0,YAHOOA3,1.0,2.0,"[1.0, 1.0]"
A3Benchmark-TS4,1680.0,YAHOOA3,1.0,6.0,"[1.0, 1.0, 1.0, 1.0, 1.0, 1.0]"
A3Benchmark-TS58,1680.0,YAHOOA3,1.0,3.0,"[1.0, 1.0, 1.0]"
A3Benchmark-TS70,1680.0,YAHOOA3,1.0,9.0,"[1.0, 1.0, 1.0, 1.0, 1.0, 1.0, 1.0, 1.0, 1.0]"
A3Benchmark-TS64,1680.0,YAHOOA3,1.0,8.0,"[1.0, 1.0, 1.0, 1.0, 1.0, 1.0, 1.0, 1.0]"
A3Benchmark-TS72,1680.0,YAHOOA3,1.0,8.0,"[1.0, 1.0, 1.0, 1.0, 1.0, 1.0, 1.0, 1.0]"
A3Benchmark-TS66,1680.0,YAHOOA3,1.0,1.0,[1.0]
A3Benchmark-TS6,1680.0,YAHOOA3,1.0,6.0,"[1.0, 1.0, 1.0, 1.0, 1.0, 1.0]"
A3Benchmark-TS99,1680.0,YAHOOA3,1.0,11.0,"[1.0, 1.0, 1.0, 1.0, 1.0, 1.0, 1.0, 1.0, 1.0, 1.0, 1.0]"
A3Benchmark-TS98,1680.0,YAHOOA3,1.0,13.0,"[1.0, 1.0, 1.0, 1.0, 1.0, 1.0, 1.0, 1.0, 1.0, 1.0, 1.0, 1.0, 1.0]"
A3Benchmark-TS7,1680.0,YAHOOA3,1.0,5.0,"[1.0, 1.0, 1.0, 1.0, 1.0]"
A3Benchmark-TS67,1680.0,YAHOOA3,1.0,16.0,"[1.0, 1.0, 1.0, 1.0, 1.0, 1.0, 1.0, 1.0, 1.0, 1.0, 1.0, 1.0, 1.0, 1.0, 1.0, 1.0]"
A3Benchmark-TS73,1680.0,YAHOOA3,1.0,15.0,"[1.0, 1.0, 1.0, 1.0, 1.0, 1.0, 1.0, 1.0, 1.0, 1.0, 1.0, 1.0, 1.0, 1.0, 1.0]"
A3Benchmark-TS77,1680.0,YAHOOA3,1.0,16.0,"[1.0, 1.0, 1.0, 1.0, 1.0, 1.0, 1.0, 1.0, 1.0, 1.0, 1.0, 1.0, 1.0, 1.0, 1.0, 1.0]"
A3Benchmark-TS63,1680.0,YAHOOA3,1.0,10.0,"[1.0, 1.0, 1.0, 1.0, 1.0, 1.0, 1.0, 1.0, 1.0, 1.0]"
A3Benchmark-TS88,1680.0,YAHOOA3,1.0,12.0,"[1.0, 1.0, 1.0, 1.0, 1.0, 1.0, 1.0, 1.0, 1.0, 1.0, 1.0, 1.0]"
A3Benchmark-TS3,1680.0,YAHOOA3,1.0,6.0,"[1.0, 1.0, 1.0, 1.0, 1.0, 1.0]"
A3Benchmark-TS2,1680.0,YAHOOA3,1.0,16.0,"[1.0, 1.0, 1.0, 1.0, 1.0, 1.0, 1.0, 1.0, 1.0, 1.0, 1.0, 1.0, 1.0, 1.0, 1.0, 1.0]"
A3Benchmark-TS89,1680.0,YAHOOA3,1.0,13.0,"[2.0, 1.0, 1.0, 1.0, 1.0, 1.0, 1.0, 1.0, 1.0, 1.0, 1.0, 1.0, 1.0]"
A3Benchmark-TS62,1680.0,YAHOOA3,1.0,12.0,"[1.0, 1.0, 1.0, 1.0, 1.0, 1.0, 1.0, 1.0, 1.0, 1.0, 1.0, 1.0]"
A3Benchmark-TS76,1680.0,YAHOOA3,1.0,5.0,"[1.0, 1.0, 1.0, 1.0, 1.0]"
A3Benchmark-TS48,1680.0,YAHOOA3,1.0,13.0,"[1.0, 1.0, 1.0, 1.0, 1.0, 1.0, 1.0, 1.0, 1.0, 1.0, 1.0, 1.0, 1.0]"
A3Benchmark-TS60,1680.0,YAHOOA3,1.0,12.0,"[1.0, 1.0, 1.0, 1.0, 1.0, 1.0, 1.0, 1.0, 1.0, 1.0, 1.0, 1.0]"
A3Benchmark-TS74,1680.0,YAHOOA3,1.0,6.0,"[1.0, 1.0, 1.0, 1.0, 1.0, 1.0]"
A3Benchmark-TS1,1680.0,YAHOOA3,1.0,11.0,"[1.0, 1.0, 1.0, 1.0, 1.0, 1.0, 1.0, 1.0, 1.0, 1.0, 1.0]"
A3Benchmark-TS75,1680.0,YAHOOA3,1.0,14.0,"[1.0, 1.0, 1.0, 1.0, 1.0, 1.0, 1.0, 1.0, 1.0, 1.0, 1.0, 1.0, 1.0, 1.0]"
A3Benchmark-TS61,1680.0,YAHOOA3,1.0,13.0,"[1.0, 1.0, 1.0, 1.0, 1.0, 1.0, 1.0, 1.0, 1.0, 1.0, 1.0, 1.0, 1.0]"
A3Benchmark-TS49,1680.0,YAHOOA3,1.0,16.0,"[1.0, 1.0, 1.0, 1.0, 1.0, 1.0, 1.0, 1.0, 1.0, 1.0, 1.0, 1.0, 1.0, 1.0, 1.0, 1.0]"
A3Benchmark-TS44,1680.0,YAHOOA3,1.0,16.0,"[1.0, 1.0, 1.0, 1.0, 1.0, 1.0, 1.0, 1.0, 1.0, 1.0, 1.0, 1.0, 1.0, 1.0, 1.0, 1.0]"
A3Benchmark-TS50,1680.0,YAHOOA3,1.0,7.0,"[1.0, 1.0, 1.0, 1.0, 1.0, 1.0, 1.0]"
A3Benchmark-TS78,1680.0,YAHOOA3,1.0,15.0,"[1.0, 1.0, 1.0, 1.0, 1.0, 1.0, 1.0, 1.0, 1.0, 1.0, 1.0, 1.0, 1.0, 1.0, 1.0]"
A3Benchmark-TS87,1680.0,YAHOOA3,1.0,7.0,"[1.0, 1.0, 1.0, 1.0, 1.0, 1.0, 1.0]"
A3Benchmark-TS93,1680.0,YAHOOA3,1.0,15.0,"[1.0, 1.0, 1.0, 1.0, 1.0, 1.0, 1.0, 1.0, 1.0, 1.0, 1.0, 1.0, 1.0, 1.0, 1.0]"
A3Benchmark-TS92,1680.0,YAHOOA3,1.0,8.0,"[1.0, 1.0, 1.0, 1.0, 1.0, 1.0, 1.0, 1.0]"
A3Benchmark-TS86,1680.0,YAHOOA3,1.0,13.0,"[1.0, 1.0, 1.0, 1.0, 1.0, 1.0, 1.0, 1.0, 1.0, 1.0, 1.0, 1.0, 1.0]"
A3Benchmark-TS79,1680.0,YAHOOA3,1.0,5.0,"[1.0, 1.0, 1.0, 1.0, 1.0]"
A3Benchmark-TS51,1680.0,YAHOOA3,1.0,13.0,"[1.0, 1.0, 1.0, 1.0, 1.0, 1.0, 1.0, 1.0, 1.0, 1.0, 1.0, 1.0, 1.0]"
A3Benchmark-TS45,1680.0,YAHOOA3,1.0,5.0,"[1.0, 1.0, 1.0, 1.0, 1.0]"
A3Benchmark-TS53,1680.0,YAHOOA3,1.0,15.0,"[1.0, 1.0, 1.0, 1.0, 1.0, 1.0, 1.0, 1.0, 1.0, 1.0, 1.0, 1.0, 1.0, 1.0, 1.0]"
A3Benchmark-TS47,1680.0,YAHOOA3,1.0,15.0,"[1.0, 1.0, 1.0, 1.0, 1.0, 1.0, 1.0, 1.0, 1.0, 1.0, 1.0, 1.0, 1.0, 1.0, 1.0]"
A3Benchmark-TS90,1680.0,YAHOOA3,1.0,10.0,"[1.0, 1.0, 1.0, 1.0, 1.0, 1.0, 1.0, 1.0, 1.0, 1.0]"
A3Benchmark-TS84,1680.0,YAHOOA3,1.0,5.0,"[1.0, 1.0, 1.0, 1.0, 1.0]"
A3Benchmark-TS85,1680.0,YAHOOA3,1.0,8.0,"[1.0, 1.0, 1.0, 1.0, 1.0, 1.0, 1.0, 1.0]"
A3Benchmark-TS91,1680.0,YAHOOA3,1.0,5.0,"[1.0, 1.0, 1.0, 1.0, 1.0]"
A3Benchmark-TS46,1680.0,YAHOOA3,1.0,3.0,"[1.0, 1.0, 1.0]"
A3Benchmark-TS52,1680.0,YAHOOA3,1.0,6.0,"[1.0, 1.0, 1.0, 1.0, 1.0, 1.0]"
A3Benchmark-TS56,1680.0,YAHOOA3,1.0,1.0,[1.0]
A3Benchmark-TS42,1680.0,YAHOOA3,1.0,16.0,"[1.0, 1.0, 1.0, 1.0, 1.0, 1.0, 1.0, 1.0, 1.0, 1.0, 1.0, 1.0, 1.0, 1.0, 1.0, 1.0]"
A3Benchmark-TS95,1680.0,YAHOOA3,1.0,16.0,"[1.0, 1.0, 1.0, 1.0, 1.0, 1.0, 1.0, 1.0, 1.0, 1.0, 1.0, 1.0, 1.0, 1.0, 1.0, 1.0]"
A3Benchmark-TS81,1680.0,YAHOOA3,1.0,12.0,"[1.0, 1.0, 1.0, 1.0, 1.0, 1.0, 1.0, 1.0, 1.0, 1.0, 1.0, 1.0]"
A3Benchmark-TS80,1680.0,YAHOOA3,1.0,13.0,"[1.0, 1.0, 1.0, 1.0, 1.0, 1.0, 1.0, 1.0, 1.0, 1.0, 1.0, 1.0, 1.0]"
A3Benchmark-TS94,1680.0,YAHOOA3,1.0,3.0,"[1.0, 1.0, 1.0]"
A3Benchmark-TS43,1680.0,YAHOOA3,1.0,15.0,"[1.0, 1.0, 1.0, 1.0, 1.0, 1.0, 1.0, 1.0, 1.0, 1.0, 1.0, 1.0, 1.0, 1.0, 1.0]"
A3Benchmark-TS57,1680.0,YAHOOA3,1.0,9.0,"[1.0, 1.0, 1.0, 1.0, 1.0, 1.0, 1.0, 1.0, 1.0]"
A3Benchmark-TS69,1680.0,YAHOOA3,1.0,7.0,"[1.0, 1.0, 1.0, 1.0, 1.0, 1.0, 1.0]"
A3Benchmark-TS41,1680.0,YAHOOA3,1.0,14.0,"[1.0, 1.0, 1.0, 1.0, 1.0, 1.0, 1.0, 1.0, 1.0, 1.0, 1.0, 1.0, 1.0, 1.0]"
A3Benchmark-TS55,1680.0,YAHOOA3,1.0,12.0,"[1.0, 1.0, 1.0, 1.0, 1.0, 1.0, 1.0, 1.0, 1.0, 1.0, 1.0, 1.0]"
A3Benchmark-TS9,1680.0,YAHOOA3,1.0,10.0,"[1.0, 1.0, 1.0, 1.0, 1.0, 1.0, 1.0, 1.0, 1.0, 1.0]"
A3Benchmark-TS82,1680.0,YAHOOA3,1.0,7.0,"[1.0, 1.0, 1.0, 1.0, 1.0, 1.0, 1.0]"
A3Benchmark-TS96,1680.0,YAHOOA3,1.0,5.0,"[1.0, 1.0, 1.0, 1.0, 1.0]"
A3Benchmark-TS97,1680.0,YAHOOA3,1.0,10.0,"[1.0, 1.0, 1.0, 1.0, 1.0, 1.0, 1.0, 1.0, 1.0, 1.0]"
A3Benchmark-TS83,1680.0,YAHOOA3,1.0,12.0,"[1.0, 1.0, 1.0, 1.0, 1.0, 1.0, 1.0, 1.0, 1.0, 1.0, 1.0, 1.0]"
A3Benchmark-TS8,1680.0,YAHOOA3,1.0,4.0,"[1.0, 1.0, 1.0, 1.0]"
A3Benchmark-TS54,1680.0,YAHOOA3,1.0,15.0,"[1.0, 1.0, 1.0, 1.0, 1.0, 1.0, 1.0, 1.0, 1.0, 1.0, 2.0, 1.0, 1.0, 1.0, 1.0]"
A3Benchmark-TS40,1680.0,YAHOOA3,1.0,9.0,"[1.0, 1.0, 2.0, 1.0, 1.0, 1.0, 1.0, 1.0, 1.0]"
A3Benchmark-TS68,1680.0,YAHOOA3,1.0,16.0,"[1.0, 1.0, 1.0, 1.0, 1.0, 1.0, 1.0, 1.0, 1.0, 1.0, 1.0, 1.0, 1.0, 1.0, 1.0, 1.0]"
A3Benchmark-TS100,1680.0,YAHOOA3,1.0,10.0,"[1.0, 1.0, 1.0, 1.0, 1.0, 1.0, 1.0, 1.0, 1.0, 1.0]"
A3Benchmark-TS27,1680.0,YAHOOA3,1.0,9.0,"[1.0, 1.0, 1.0, 1.0, 1.0, 1.0, 1.0, 1.0, 1.0]"
A3Benchmark-TS33,1680.0,YAHOOA3,1.0,8.0,"[1.0, 1.0, 1.0, 1.0, 1.0, 1.0, 1.0, 1.0]"
A3Benchmark-TS32,1680.0,YAHOOA3,1.0,14.0,"[1.0, 1.0, 1.0, 1.0, 1.0, 1.0, 1.0, 1.0, 1.0, 1.0, 1.0, 1.0, 1.0, 1.0]"
A3Benchmark-TS26,1680.0,YAHOOA3,1.0,11.0,"[1.0, 1.0, 1.0, 1.0, 1.0, 1.0, 1.0, 1.0, 1.0, 1.0, 1.0]"
A3Benchmark-TS30,1680.0,YAHOOA3,1.0,8.0,"[1.0, 1.0, 1.0, 1.0, 1.0, 1.0, 1.0, 1.0]"
A3Benchmark-TS24,1680.0,YAHOOA3,1.0,8.0,"[1.0, 1.0, 1.0, 1.0, 1.0, 1.0, 1.0, 1.0]"
A3Benchmark-TS18,1680.0,YAHOOA3,1.0,12.0,"[1.0, 1.0, 1.0, 1.0, 1.0, 1.0, 1.0, 1.0, 1.0, 1.0, 1.0, 1.0]"
A3Benchmark-TS19,1680.0,YAHOOA3,1.0,10.0,"[1.0, 1.0, 1.0, 1.0, 1.0, 1.0, 1.0, 1.0, 1.0, 1.0]"
A3Benchmark-TS25,1680.0,YAHOOA3,1.0,2.0,"[1.0, 1.0]"
A3Benchmark-TS31,1680.0,YAHOOA3,1.0,7.0,"[1.0, 1.0, 1.0, 1.0, 1.0, 1.0, 1.0]"
A3Benchmark-TS35,1680.0,YAHOOA3,1.0,3.0,"[1.0, 1.0, 1.0]"
A3Benchmark-TS21,1680.0,YAHOOA3,1.0,12.0,"[1.0, 1.0, 1.0, 1.0, 1.0, 1.0, 1.0, 1.0, 1.0, 1.0, 1.0, 1.0]"
A3Benchmark-TS20,1680.0,YAHOOA3,1.0,12.0,"[1.0, 1.0, 1.0, 1.0, 1.0, 1.0, 1.0, 1.0, 1.0, 1.0, 1.0, 1.0]"
A3Benchmark-TS34,1680.0,YAHOOA3,1.0,1.0,[1.0]
A3Benchmark-TS22,1680.0,YAHOOA3,1.0,4.0,"[1.0, 1.0, 1.0, 1.0]"
A3Benchmark-TS36,1680.0,YAHOOA3,1.0,4.0,"[1.0, 1.0, 1.0, 1.0]"
A3Benchmark-TS37,1680.0,YAHOOA3,1.0,10.0,"[1.0, 1.0, 1.0, 1.0, 1.0, 1.0, 1.0, 1.0, 1.0, 1.0]"
A3Benchmark-TS23,1680.0,YAHOOA3,1.0,15.0,"[1.0, 1.0, 1.0, 1.0, 1.0, 1.0, 1.0, 1.0, 1.0, 1.0, 1.0, 1.0, 1.0, 1.0, 1.0]"
A4Benchmark-TS99,1680.0,YAHOOA4,1.0,15.0,"[1.0, 1.0, 1.0, 2.0, 1.0, 1.0, 1.0, 1.0, 1.0, 1.0, 1.0, 1.0, 1.0, 1.0, 1.0]"
A4Benchmark-TS72,1680.0,YAHOOA4,1.0,5.0,"[1.0, 1.0, 1.0, 1.0, 1.0]"
A4Benchmark-TS66,1680.0,YAHOOA4,1.0,1.0,[1.0]
A4Benchmark-TS67,1680.0,YAHOOA4,1.0,14.0,"[1.0, 1.0, 1.0, 1.0, 1.0, 1.0, 1.0, 1.0, 1.0, 1.0, 1.0, 1.0, 1.0, 1.0]"
A4Benchmark-TS73,1680.0,YAHOOA4,1.0,5.0,"[1.0, 1.0, 1.0, 1.0, 1.0]"
A4Benchmark-TS98,1680.0,YAHOOA4,1.0,15.0,"[1.0, 1.0, 1.0, 1.0, 1.0, 1.0, 1.0, 1.0, 1.0, 1.0, 1.0, 1.0, 1.0, 1.0, 1.0]"
A4Benchmark-TS65,1680.0,YAHOOA4,1.0,15.0,"[1.0, 1.0, 1.0, 1.0, 1.0, 1.0, 1.0, 1.0, 1.0, 1.0, 1.0, 1.0, 1.0, 1.0, 1.0]"
A4Benchmark-TS71,1680.0,YAHOOA4,1.0,10.0,"[1.0, 1.0, 1.0, 1.0, 1.0, 1.0, 1.0, 1.0, 1.0, 1.0]"
A4Benchmark-TS59,1680.0,YAHOOA4,1.0,1.0,[1.0]
A4Benchmark-TS58,1680.0,YAHOOA4,1.0,8.0,"[1.0, 1.0, 1.0, 1.0, 1.0, 1.0, 1.0, 1.0]"
A4Benchmark-TS70,1680.0,YAHOOA4,1.0,4.0,"[1.0, 1.0, 1.0, 1.0]"
A4Benchmark-TS64,1680.0,YAHOOA4,1.0,5.0,"[1.0, 1.0, 1.0, 1.0, 1.0]"
A4Benchmark-TS48,1680.0,YAHOOA4,1.0,12.0,"[1.0, 1.0, 1.0, 1.0, 1.0, 1.0, 1.0, 1.0, 1.0, 1.0, 1.0, 1.0]"
A4Benchmark-TS60,1680.0,YAHOOA4,1.0,3.0,"[1.0, 1.0, 1.0]"
A4Benchmark-TS74,1680.0,YAHOOA4,1.0,2.0,"[1.0, 1.0]"
A4Benchmark-TS75,1680.0,YAHOOA4,1.0,13.0,"[1.0, 1.0, 1.0, 1.0, 1.0, 1.0, 1.0, 1.0, 1.0, 1.0, 1.0, 1.0, 1.0]"
A4Benchmark-TS61,1680.0,YAHOOA4,1.0,3.0,"[1.0, 1.0, 1.0]"
A4Benchmark-TS49,1680.0,YAHOOA4,1.0,9.0,"[1.0, 1.0, 1.0, 1.0, 1.0, 1.0, 1.0, 1.0, 1.0]"
A4Benchmark-TS88,1680.0,YAHOOA4,1.0,13.0,"[1.0, 1.0, 1.0, 1.0, 1.0, 1.0, 1.0, 1.0, 1.0, 1.0, 1.0, 1.0, 1.0]"
A4Benchmark-TS77,1680.0,YAHOOA4,1.0,12.0,"[2.0, 1.0, 1.0, 1.0, 1.0, 1.0, 1.0, 1.0, 1.0, 1.0, 1.0, 1.0]"
A4Benchmark-TS63,1680.0,YAHOOA4,1.0,7.0,"[1.0, 1.0, 1.0, 1.0, 1.0, 1.0, 1.0]"
A4Benchmark-TS62,1680.0,YAHOOA4,1.0,14.0,"[1.0, 1.0, 1.0, 1.0, 1.0, 1.0, 1.0, 1.0, 1.0, 1.0, 1.0, 1.0, 1.0, 1.0]"
A4Benchmark-TS76,1680.0,YAHOOA4,1.0,11.0,"[1.0, 1.0, 1.0, 1.0, 1.0, 1.0, 1.0, 1.0, 1.0, 1.0, 1.0]"
A4Benchmark-TS89,1680.0,YAHOOA4,1.0,9.0,"[1.0, 1.0, 1.0, 1.0, 1.0, 1.0, 1.0, 1.0, 1.0]"
A4Benchmark-TS11,1680.0,YAHOOA4,1.0,5.0,"[1.0, 1.0, 1.0, 1.0, 1.0]"
A4Benchmark-TS39,1680.0,YAHOOA4,1.0,16.0,"[1.0, 1.0, 1.0, 1.0, 1.0, 1.0, 1.0, 1.0, 1.0, 1.0, 1.0, 1.0, 1.0, 1.0, 1.0, 1.0]"
A4Benchmark-TS38,1680.0,YAHOOA4,1.0,9.0,"[1.0, 1.0, 1.0, 1.0, 1.0, 1.0, 1.0, 1.0, 1.0]"
A4Benchmark-TS10,1680.0,YAHOOA4,1.0,4.0,"[1.0, 1.0, 1.0, 1.0]"
A4Benchmark-TS8,1680.0,YAHOOA4,1.0,13.0,"[1.0, 1.0, 1.0, 1.0, 1.0, 1.0, 1.0, 1.0, 1.0, 1.0, 1.0, 1.0, 1.0]"
A4Benchmark-TS12,1680.0,YAHOOA4,1.0,5.0,"[1.0, 1.0, 1.0, 1.0, 1.0]"
A4Benchmark-TS13,1680.0,YAHOOA4,1.0,14.0,"[1.0, 1.0, 1.0, 1.0, 1.0, 1.0, 1.0, 1.0, 1.0, 1.0, 1.0, 1.0, 1.0, 1.0]"
A4Benchmark-TS9,1680.0,YAHOOA4,1.0,1.0,[1.0]
A4Benchmark-TS100,1680.0,YAHOOA4,1.0,7.0,"[1.0, 1.0, 1.0, 1.0, 1.0, 1.0, 1.0]"
A4Benchmark-TS17,1680.0,YAHOOA4,1.0,10.0,"[1.0, 1.0, 1.0, 1.0, 1.0, 1.0, 1.0, 1.0, 1.0, 1.0]"
A4Benchmark-TS16,1680.0,YAHOOA4,1.0,1.0,[1.0]
A4Benchmark-TS28,1680.0,YAHOOA4,1.0,12.0,"[1.0, 1.0, 1.0, 1.0, 1.0, 1.0, 1.0, 1.0, 1.0, 1.0, 1.0, 1.0]"
A4Benchmark-TS14,1680.0,YAHOOA4,1.0,11.0,"[1.0, 1.0, 1.0, 1.0, 1.0, 1.0, 1.0, 1.0, 1.0, 1.0, 1.0]"
A4Benchmark-TS15,1680.0,YAHOOA4,1.0,9.0,"[1.0, 1.0, 1.0, 1.0, 1.0, 1.0, 1.0, 1.0, 1.0]"
A4Benchmark-TS29,1680.0,YAHOOA4,1.0,14.0,"[1.0, 1.0, 1.0, 1.0, 1.0, 1.0, 1.0, 1.0, 1.0, 1.0, 1.0, 1.0, 1.0, 1.0]"
A4Benchmark-TS2,1680.0,YAHOOA4,1.0,5.0,"[1.0, 1.0, 1.0, 1.0, 1.0]"
A4Benchmark-TS30,1680.0,YAHOOA4,1.0,5.0,"[1.0, 1.0, 1.0, 1.0, 1.0]"
A4Benchmark-TS24,1680.0,YAHOOA4,1.0,9.0,"[1.0, 1.0, 1.0, 1.0, 1.0, 1.0, 1.0, 1.0, 1.0]"
A4Benchmark-TS18,1680.0,YAHOOA4,1.0,1.0,[1.0]
A4Benchmark-TS19,1680.0,YAHOOA4,1.0,12.0,"[1.0, 1.0, 1.0, 1.0, 1.0, 1.0, 1.0, 1.0, 1.0, 1.0, 1.0, 1.0]"
A4Benchmark-TS25,1680.0,YAHOOA4,1.0,11.0,"[1.0, 1.0, 1.0, 1.0, 1.0, 1.0, 1.0, 1.0, 1.0, 1.0, 1.0]"
A4Benchmark-TS31,1680.0,YAHOOA4,1.0,4.0,"[1.0, 1.0, 1.0, 1.0]"
A4Benchmark-TS3,1680.0,YAHOOA4,1.0,6.0,"[1.0, 1.0, 1.0, 1.0, 1.0, 1.0]"
A4Benchmark-TS1,1680.0,YAHOOA4,1.0,13.0,"[1.0, 1.0, 1.0, 1.0, 1.0, 1.0, 1.0, 1.0, 1.0, 1.0, 1.0, 1.0, 1.0]"
A4Benchmark-TS27,1680.0,YAHOOA4,1.0,15.0,"[1.0, 1.0, 1.0, 1.0, 1.0, 1.0, 1.0, 1.0, 1.0, 1.0, 1.0, 1.0, 1.0, 1.0, 1.0]"
A4Benchmark-TS33,1680.0,YAHOOA4,1.0,4.0,"[1.0, 1.0, 1.0, 1.0]"
A4Benchmark-TS32,1680.0,YAHOOA4,1.0,11.0,"[1.0, 1.0, 1.0, 1.0, 1.0, 1.0, 1.0, 1.0, 1.0, 1.0, 1.0]"
A4Benchmark-TS26,1680.0,YAHOOA4,1.0,2.0,"[1.0, 1.0]"
A4Benchmark-TS4,1680.0,YAHOOA4,1.0,6.0,"[1.0, 1.0, 1.0, 1.0, 1.0, 1.0]"
A4Benchmark-TS22,1680.0,YAHOOA4,1.0,10.0,"[1.0, 1.0, 1.0, 1.0, 1.0, 1.0, 1.0, 1.0, 1.0, 1.0]"
A4Benchmark-TS36,1680.0,YAHOOA4,1.0,15.0,"[1.0, 1.0, 1.0, 1.0, 1.0, 1.0, 1.0, 1.0, 1.0, 1.0, 1.0, 1.0, 1.0, 1.0, 1.0]"
A4Benchmark-TS37,1680.0,YAHOOA4,1.0,3.0,"[1.0, 1.0, 1.0]"
A4Benchmark-TS23,1680.0,YAHOOA4,1.0,4.0,"[1.0, 1.0, 1.0, 1.0]"
A4Benchmark-TS5,1680.0,YAHOOA4,1.0,6.0,"[1.0, 1.0, 1.0, 1.0, 1.0, 1.0]"
A4Benchmark-TS7,1680.0,YAHOOA4,1.0,14.0,"[1.0, 1.0, 1.0, 1.0, 1.0, 1.0, 1.0, 1.0, 1.0, 1.0, 1.0, 1.0, 1.0, 1.0]"
A4Benchmark-TS35,1680.0,YAHOOA4,1.0,12.0,"[1.0, 1.0, 1.0, 1.0, 1.0, 1.0, 1.0, 1.0, 1.0, 1.0, 1.0, 1.0]"
A4Benchmark-TS21,1680.0,YAHOOA4,1.0,13.0,"[1.0, 1.0, 1.0, 1.0, 1.0, 1.0, 1.0, 1.0, 1.0, 1.0, 1.0, 1.0, 1.0]"
A4Benchmark-TS20,1680.0,YAHOOA4,1.0,13.0,"[1.0, 1.0, 1.0, 1.0, 1.0, 1.0, 1.0, 1.0, 1.0, 1.0, 1.0, 1.0, 1.0]"
A4Benchmark-TS34,1680.0,YAHOOA4,1.0,8.0,"[1.0, 1.0, 1.0, 1.0, 1.0, 1.0, 1.0, 1.0]"
A4Benchmark-TS6,1680.0,YAHOOA4,1.0,8.0,"[1.0, 1.0, 1.0, 1.0, 1.0, 1.0, 1.0, 1.0]"
A4Benchmark-TS90,1680.0,YAHOOA4,1.0,12.0,"[1.0, 1.0, 1.0, 1.0, 1.0, 1.0, 1.0, 1.0, 1.0, 1.0, 1.0, 1.0]"
A4Benchmark-TS84,1680.0,YAHOOA4,1.0,3.0,"[1.0, 1.0, 1.0]"
A4Benchmark-TS53,1680.0,YAHOOA4,1.0,2.0,"[1.0, 1.0]"
A4Benchmark-TS47,1680.0,YAHOOA4,1.0,1.0,[1.0]
A4Benchmark-TS46,1680.0,YAHOOA4,1.0,9.0,"[1.0, 1.0, 1.0, 1.0, 1.0, 1.0, 1.0, 1.0, 1.0]"
A4Benchmark-TS52,1680.0,YAHOOA4,1.0,11.0,"[1.0, 1.0, 1.0, 1.0, 1.0, 1.0, 1.0, 1.0, 1.0, 1.0, 1.0]"
A4Benchmark-TS85,1680.0,YAHOOA4,1.0,16.0,"[1.0, 1.0, 1.0, 1.0, 1.0, 1.0, 1.0, 1.0, 1.0, 1.0, 1.0, 1.0, 1.0, 1.0, 1.0, 1.0]"
A4Benchmark-TS91,1680.0,YAHOOA4,1.0,12.0,"[1.0, 1.0, 1.0, 1.0, 1.0, 1.0, 1.0, 1.0, 1.0, 1.0, 1.0, 1.0]"
A4Benchmark-TS87,1680.0,YAHOOA4,1.0,1.0,[1.0]
A4Benchmark-TS93,1680.0,YAHOOA4,1.0,6.0,"[1.0, 1.0, 1.0, 1.0, 1.0, 1.0]"
A4Benchmark-TS44,1680.0,YAHOOA4,1.0,16.0,"[1.0, 1.0, 1.0, 1.0, 1.0, 1.0, 1.0, 1.0, 1.0, 1.0, 1.0, 1.0, 1.0, 1.0, 1.0, 1.0]"
A4Benchmark-TS50,1680.0,YAHOOA4,1.0,7.0,"[1.0, 1.0, 1.0, 1.0, 1.0, 1.0, 1.0]"
A4Benchmark-TS78,1680.0,YAHOOA4,1.0,13.0,"[1.0, 1.0, 1.0, 1.0, 1.0, 1.0, 1.0, 1.0, 1.0, 1.0, 1.0, 1.0, 1.0]"
A4Benchmark-TS79,1680.0,YAHOOA4,1.0,3.0,"[1.0, 1.0, 1.0]"
A4Benchmark-TS51,1680.0,YAHOOA4,1.0,1.0,[1.0]
A4Benchmark-TS45,1680.0,YAHOOA4,1.0,7.0,"[1.0, 1.0, 1.0, 1.0, 1.0, 1.0, 1.0]"
A4Benchmark-TS92,1680.0,YAHOOA4,1.0,15.0,"[1.0, 1.0, 1.0, 1.0, 1.0, 1.0, 1.0, 1.0, 1.0, 1.0, 1.0, 1.0, 1.0, 1.0, 1.0]"
A4Benchmark-TS86,1680.0,YAHOOA4,1.0,15.0,"[1.0, 1.0, 1.0, 1.0, 1.0, 1.0, 1.0, 1.0, 1.0, 1.0, 1.0, 1.0, 1.0, 1.0, 1.0]"
A4Benchmark-TS82,1680.0,YAHOOA4,1.0,14.0,"[1.0, 1.0, 1.0, 1.0, 1.0, 1.0, 1.0, 1.0, 1.0, 1.0, 1.0, 1.0, 1.0, 1.0]"
A4Benchmark-TS96,1680.0,YAHOOA4,1.0,2.0,"[1.0, 1.0]"
A4Benchmark-TS69,1680.0,YAHOOA4,1.0,2.0,"[1.0, 1.0]"
A4Benchmark-TS41,1680.0,YAHOOA4,1.0,13.0,"[1.0, 1.0, 1.0, 1.0, 1.0, 1.0, 1.0, 1.0, 1.0, 1.0, 1.0, 1.0, 1.0]"
A4Benchmark-TS55,1680.0,YAHOOA4,1.0,2.0,"[1.0, 1.0]"
A4Benchmark-TS54,1680.0,YAHOOA4,1.0,3.0,"[1.0, 1.0, 1.0]"
A4Benchmark-TS40,1680.0,YAHOOA4,1.0,6.0,"[1.0, 1.0, 1.0, 1.0, 1.0, 1.0]"
A4Benchmark-TS68,1680.0,YAHOOA4,1.0,1.0,[1.0]
A4Benchmark-TS97,1680.0,YAHOOA4,1.0,16.0,"[1.0, 1.0, 1.0, 1.0, 1.0, 1.0, 1.0, 1.0, 1.0, 1.0, 1.0, 1.0, 1.0, 1.0, 1.0, 1.0]"
A4Benchmark-TS83,1680.0,YAHOOA4,1.0,3.0,"[1.0, 1.0, 1.0]"
A4Benchmark-TS95,1680.0,YAHOOA4,1.0,5.0,"[1.0, 1.0, 1.0, 1.0, 1.0]"
A4Benchmark-TS81,1680.0,YAHOOA4,1.0,9.0,"[1.0, 1.0, 1.0, 1.0, 1.0, 1.0, 1.0, 1.0, 1.0]"
A4Benchmark-TS56,1680.0,YAHOOA4,1.0,16.0,"[1.0, 1.0, 1.0, 1.0, 1.0, 1.0, 1.0, 1.0, 1.0, 1.0, 1.0, 1.0, 1.0, 1.0, 1.0, 1.0]"
A4Benchmark-TS42,1680.0,YAHOOA4,1.0,4.0,"[1.0, 1.0, 1.0, 1.0]"
A4Benchmark-TS43,1680.0,YAHOOA4,1.0,11.0,"[1.0, 1.0, 1.0, 1.0, 1.0, 1.0, 1.0, 1.0, 1.0, 1.0, 1.0]"
A4Benchmark-TS57,1680.0,YAHOOA4,1.0,6.0,"[1.0, 1.0, 1.0, 1.0, 1.0, 1.0]"
A4Benchmark-TS80,1680.0,YAHOOA4,1.0,12.0,"[1.0, 1.0, 1.0, 1.0, 1.0, 1.0, 1.0, 1.0, 1.0, 1.0, 1.0, 1.0]"
A4Benchmark-TS94,1680.0,YAHOOA4,1.0,13.0,"[1.0, 1.0, 1.0, 1.0, 1.0, 1.0, 1.0, 1.0, 1.0, 1.0, 1.0, 1.0, 1.0]"
art_daily_flatmiddle,4032.0,artificialWithAnomaly,600.0,1.0,[201.00166666666667]
art_daily_jumpsdown,4032.0,artificialWithAnomaly,600.0,1.0,[201.00166666666667]
art_daily_jumpsup,4032.0,artificialWithAnomaly,600.0,1.0,[201.00166666666667]
art_daily_nojump,4032.0,artificialWithAnomaly,600.0,1.0,[201.00166666666667]
art_increase_spike_density,4032.0,artificialWithAnomaly,600.0,1.0,[201.00166666666667]
art_load_balancer_spikes,4032.0,artificialWithAnomaly,600.0,1.0,[201.00166666666667]
ec2_cpu_utilization_24ae8d,4032.0,realAWSCloudwatch,600.0,2.0,"[100.00166666666667, 100.00166666666667]"
ec2_cpu_utilization_53ea38,4032.0,realAWSCloudwatch,600.0,2.0,"[100.00166666666667, 100.00166666666667]"
ec2_cpu_utilization_5f5533,4032.0,realAWSCloudwatch,600.0,2.0,"[100.00166666666667, 100.00166666666667]"
ec2_cpu_utilization_77c1ca,4032.0,realAWSCloudwatch,600.0,1.0,[201.00166666666667]
ec2_cpu_utilization_825cc2,4032.0,realAWSCloudwatch,600.0,1.0,[171.00166666666667]
ec2_cpu_utilization_ac20cd,4032.0,realAWSCloudwatch,600.0,1.0,[202.50166666666667]
ec2_cpu_utilization_c6585a,4032.0,realAWSCloudwatch,600.0,0.0,[]
ec2_cpu_utilization_fe7f93,3958.0,realAWSCloudwatch,600.0,3.0,"[67.00166666666667, 67.00166666666667, 67.00166666666667]"
ec2_disk_write_bytes_1ef3de,4730.0,realAWSCloudwatch,600.0,1.0,[236.00166666666667]
ec2_disk_write_bytes_c0d644,4032.0,realAWSCloudwatch,600.0,3.0,"[67.00166666666667, 67.00166666666667, 67.00166666666667]"
ec2_network_in_257a54,4032.0,realAWSCloudwatch,600.0,1.0,[201.00166666666667]
ec2_network_in_5abac7,4730.0,realAWSCloudwatch,600.0,2.0,"[118.00166666666667, 118.00166666666667]"
elb_request_count_8c0756,4032.0,realAWSCloudwatch,600.0,2.0,"[100.00166666666667, 100.00166666666667]"
grok_asg_anomaly,4621.0,realAWSCloudwatch,600.0,3.0,"[77.00166666666667, 77.00166666666667, 77.00166666666667]"
iio_us-east-1_i-a2eb1cd9_NetworkIn,1243.0,realAWSCloudwatch,600.0,2.0,"[31.001666666666665, 31.001666666666665]"
rds_cpu_utilization_cc0c53,4032.0,realAWSCloudwatch,600.0,2.0,"[100.50166666666667, 100.00166666666667]"
rds_cpu_utilization_e47b3b,4032.0,realAWSCloudwatch,600.0,2.0,"[100.00166666666667, 100.00166666666667]"
exchange-2_cpc_results,1624.0,realAdExchange,3600.0,1.0,[162.00027777777777]
exchange-2_cpm_results,1624.0,realAdExchange,3600.0,2.0,"[80.00027777777778, 81.00027777777778]"
exchange-3_cpc_results,1538.0,realAdExchange,3600.0,3.0,"[50.000277777777775, 50.000277777777775, 54.000277777777775]"
exchange-3_cpm_results,1538.0,realAdExchange,3600.0,1.0,[158.00027777777777]
exchange-4_cpm_results,1643.0,realAdExchange,3600.0,4.0,"[40.000277777777775, 42.000277777777775, 40.000277777777775, 40.000277777777775]"
TravelTime_387,2500.0,realTraffic,600.0,3.0,"[618.5016666666667, 372.3016666666667, 128.20166666666665]"
TravelTime_451,2162.0,realTraffic,600.0,1.0,[444.40166666666664]
occupancy_6005,2380.0,realTraffic,600.0,1.0,[141.90166666666667]
occupancy_t4013,2500.0,realTraffic,600.0,2.0,"[74.00166666666667, 77.00166666666667]"
speed_6005,2500.0,realTraffic,600.0,1.0,[130.40166666666667]
speed_7578,1127.0,realTraffic,600.0,4.0,"[14.001666666666667, 14.801666666666666, 13.601666666666667, 14.001666666666667]"
speed_t4013,2495.0,realTraffic,600.0,2.0,"[75.00166666666667, 78.00166666666667]"
Twitter_volume_AAPL,15902.0,realTweets,600.0,4.0,"[198.00166666666667, 198.00166666666667, 198.00166666666667, 198.00166666666667]"
Twitter_volume_AMZN,15831.0,realTweets,600.0,4.0,"[197.00166666666667, 197.00166666666667, 197.00166666666667, 197.00166666666667]"
Twitter_volume_CRM,15902.0,realTweets,600.0,3.0,"[265.00166666666667, 265.00166666666667, 265.00166666666667]"
Twitter_volume_CVS,15853.0,realTweets,600.0,3.0,"[365.50166666666667, 198.00166666666667, 198.00166666666667]"
Twitter_volume_FB,15833.0,realTweets,600.0,2.0,"[395.00166666666667, 395.00166666666667]"
Twitter_volume_GOOG,15842.0,realTweets,600.0,3.0,"[318.50166666666667, 198.00166666666667, 198.00166666666667]"
Twitter_volume_IBM,15893.0,realTweets,600.0,2.0,"[397.00166666666667, 397.00166666666667]"
Twitter_volume_KO,15851.0,realTweets,600.0,3.0,"[264.00166666666667, 264.00166666666667, 264.00166666666667]"
Twitter_volume_PFE,15858.0,realTweets,600.0,4.0,"[198.00166666666667, 198.00166666666667, 198.00166666666667, 198.00166666666667]"
Twitter_volume_UPS,15866.0,realTweets,600.0,5.0,"[158.00166666666667, 158.00166666666667, 158.00166666666667, 158.00166666666667, 158.00166666666667]"
183-qtdbSel100MLII,30000.0,natural,300.0,1.0,[400.00333333333333]
194-sddb49,80000.0,natural,300.0,1.0,[250.00333333333333]
069-DISTORTEDinsectEPG5,10028.0,DISTORTED,300.0,1.0,[1.0033333333333334]
023-DISTORTEDGP711MarkerLFM5z5,12000.0,DISTORTED,300.0,1.0,[104.00333333333333]
212-Italianpowerdemand,29931.0,natural,300.0,1.0,[24.003333333333334]
180-ltstdbs30791ES,55000.0,natural,300.0,1.0,[200.00333333333333]
058-DISTORTEDapneaecg,38501.0,DISTORTED,300.0,1.0,[68.00333333333333]
130-GP711MarkerLFM5z4,12000.0,natural,300.0,1.0,[118.00333333333333]
079-DISTORTEDresperation2,200051.0,DISTORTED,300.0,1.0,[0.0033333333333333335]
224-mit14046longtermecg,199753.0,natural,300.0,1.0,[500.00333333333333]
044-DISTORTEDPowerDemand1,29931.0,DISTORTED,300.0,1.0,[336.00333333333333]
233-mit14157longtermecg,92710.0,natural,300.0,1.0,[1.0033333333333334]
042-DISTORTEDLab2Cmac011215EPG6,29859.0,DISTORTED,300.0,1.0,[230.00333333333333]
114-CIMIS44AirTemperature2,8184.0,natural,300.0,1.0,[24.003333333333334]
204-CHARISfive,41999.0,natural,300.0,1.0,[70.00333333333333]
241-taichidbS0715Master,900000.0,natural,300.0,1.0,[1700.0033333333333]
028-DISTORTEDInternalBleeding17,7500.0,DISTORTED,300.0,1.0,[111.00333333333333]
026-DISTORTEDInternalBleeding15,7601.0,DISTORTED,300.0,1.0,[170.00333333333333]
092-DISTORTEDtiltAPB4,128001.0,DISTORTED,300.0,1.0,[1.0033333333333334]
214-STAFFIIIDatabase,299690.0,natural,300.0,1.0,[650.0033333333333]
070-DISTORTEDltstdbs30791AI,56123.0,DISTORTED,300.0,1.0,[200.00333333333333]
006-DISTORTEDCIMIS44AirTemperature2,8184.0,DISTORTED,300.0,1.0,[24.003333333333334]
036-DISTORTEDInternalBleeding9,7501.0,DISTORTED,300.0,1.0,[82.00333333333333]
198-tiltAPB2,128767.0,natural,300.0,1.0,[826.0033333333333]
149-Lab2Cmac011215EPG5,29826.0,natural,300.0,1.0,[130.00333333333333]
032-DISTORTEDInternalBleeding4,7321.0,DISTORTED,300.0,1.0,[358.00333333333333]
099-NOISEInternalBleeding6,7654.0,NOISE,300.0,1.0,[155.00333333333333]
137-InternalBleeding18,7500.0,natural,300.0,1.0,[102.00333333333333]
216-STAFFIIIDatabase,299890.0,natural,300.0,1.0,[650.0033333333333]
057-DISTORTEDapneaecg4,38269.0,DISTORTED,300.0,1.0,[100.00333333333333]
087-DISTORTEDsel840mECG1,60000.0,DISTORTED,300.0,1.0,[370.00333333333333]
103-NOISETkeepThirdMARS,11308.0,NOISE,300.0,1.0,[98.00333333333333]
223-mit14046longtermecg,180386.0,natural,300.0,1.0,[500.00333333333333]
179-ltstdbs30791AS,55000.0,natural,300.0,1.0,[200.00333333333333]
178-ltstdbs30791AI,56123.0,natural,300.0,1.0,[200.00333333333333]
189-resperation3,190100.0,natural,300.0,1.0,[1.0033333333333334]
225-mit14046longtermecg,199999.0,natural,300.0,1.0,[300.00333333333333]
190-resperation4,195250.0,natural,300.0,1.0,[1.0033333333333334]
229-mit14134longtermecg,59000.0,natural,300.0,1.0,[10.003333333333334]
186-resperation1,200000.0,natural,300.0,1.0,[152.00333333333333]
064-DISTORTEDgaitHunt3,64000.0,DISTORTED,300.0,1.0,[800.0033333333333]
219-STAFFIIIDatabase,299840.0,natural,300.0,1.0,[220.00333333333333]
172-gaitHunt3,64000.0,natural,300.0,1.0,[800.0033333333333]
144-InternalBleeding9,7501.0,natural,300.0,1.0,[82.00333333333333]
027-DISTORTEDInternalBleeding16,7501.0,DISTORTED,300.0,1.0,[12.003333333333334]
033-DISTORTEDInternalBleeding5,7415.0,DISTORTED,300.0,1.0,[170.00333333333333]
005-DISTORTEDCIMIS44AirTemperature1,8184.0,DISTORTED,300.0,1.0,[1.0033333333333334]
003-DISTORTED3sddb40,80000.0,DISTORTED,300.0,1.0,[300.00333333333333]
250-weallwalk,10468.0,natural,300.0,1.0,[6.003333333333333]
039-DISTORTEDLab2Cmac011215EPG3,29950.0,DISTORTED,300.0,1.0,[30.003333333333334]
111-3sddb40,80000.0,natural,300.0,1.0,[300.00333333333333]
150-Lab2Cmac011215EPG6,29859.0,natural,300.0,1.0,[230.00333333333333]
002-DISTORTED2sddb40,80001.0,DISTORTED,300.0,1.0,[300.00333333333333]
221-STAFFIIIDatabase,298340.0,natural,300.0,1.0,[1220.0033333333333]
077-DISTORTEDresperation11,195000.0,DISTORTED,300.0,1.0,[1.0033333333333334]
227-mit14134longtermecg,59302.0,natural,300.0,1.0,[100.00333333333333]
222-mit14046longtermecg,211502.0,natural,300.0,1.0,[500.00333333333333]
066-DISTORTEDinsectEPG2,9998.0,DISTORTED,300.0,1.0,[25.003333333333334]
013-DISTORTEDECG3,30000.0,DISTORTED,300.0,1.0,[100.00333333333333]
051-DISTORTEDTkeepSecondMARS,11388.0,DISTORTED,300.0,1.0,[10.003333333333334]
163-apneaecg2,38501.0,natural,300.0,1.0,[150.00333333333333]
141-InternalBleeding5,7415.0,natural,300.0,1.0,[170.00333333333333]
041-DISTORTEDLab2Cmac011215EPG5,29826.0,DISTORTED,300.0,1.0,[130.00333333333333]
151-MesoplodonDensirostris,24667.0,natural,300.0,1.0,[160.00333333333333]
213-STAFFIIIDatabase,300000.0,natural,300.0,1.0,[450.00333333333333]
016-DISTORTEDECG4,30000.0,DISTORTED,300.0,1.0,[200.00333333333333]
074-DISTORTEDqtdbSel1005V,36001.0,DISTORTED,300.0,1.0,[400.00333333333333]
045-DISTORTEDPowerDemand2,29931.0,DISTORTED,300.0,1.0,[360.00333333333333]
247-tilt12755mtable,200000.0,natural,300.0,1.0,[80.00333333333333]
147-Lab2Cmac011215EPG3,29950.0,natural,300.0,1.0,[30.003333333333334]
104-NOISEapneaecg4,38269.0,NOISE,300.0,1.0,[100.00333333333333]
062-DISTORTEDgaitHunt1,64000.0,DISTORTED,300.0,1.0,[110.00333333333333]
108-NOISEresperation2,200051.0,NOISE,300.0,1.0,[0.0033333333333333335]
125-ECG4,30000.0,natural,300.0,1.0,[100.00333333333333]
030-DISTORTEDInternalBleeding19,7500.0,DISTORTED,300.0,1.0,[10.003333333333334]
106-NOISEgaitHunt2,64000.0,NOISE,300.0,1.0,[650.0033333333333]
146-Lab2Cmac011215EPG2,29950.0,natural,300.0,1.0,[70.00333333333333]
084-DISTORTEDs20101mML2,40000.0,DISTORTED,300.0,1.0,[100.00333333333333]
022-DISTORTEDGP711MarkerLFM5z4,12000.0,DISTORTED,300.0,1.0,[118.00333333333333]
060-DISTORTEDgait2,65000.0,DISTORTED,300.0,1.0,[300.00333333333333]
202-CHARISfive,41790.0,natural,300.0,1.0,[30.003333333333334]
210-Italianpowerdemand,119819.0,natural,300.0,1.0,[96.00333333333333]
242-tilt12744mtable,286667.0,natural,300.0,1.0,[260.00333333333333]
126-ECG4,30000.0,natural,300.0,1.0,[100.00333333333333]
055-DISTORTEDapneaecg2,38501.0,DISTORTED,300.0,1.0,[150.00333333333333]
165-apneaecg4,38269.0,natural,300.0,1.0,[100.00333333333333]
059-DISTORTEDgait1,65000.0,DISTORTED,300.0,1.0,[300.00333333333333]
220-STAFFIIIDatabase,299790.0,natural,300.0,1.0,[650.0033333333333]
199-tiltAPB3,129489.0,natural,300.0,1.0,[370.00333333333333]
048-DISTORTEDTkeepFifthMARS,11334.0,DISTORTED,300.0,1.0,[97.00333333333333]
193-s20101m,40000.0,natural,300.0,1.0,[100.00333333333333]
232-mit14134longtermecg,59000.0,natural,300.0,1.0,[260.00333333333333]
152-PowerDemand1,29931.0,natural,300.0,1.0,[336.00333333333333]
164-apneaecg3,38379.0,natural,300.0,1.0,[100.00333333333333]
020-DISTORTEDGP711MarkerLFM5z2,12000.0,DISTORTED,300.0,1.0,[213.00333333333333]
244-tilt12754table,300262.0,natural,300.0,1.0,[260.00333333333333]
173-insectEPG1,10001.0,natural,300.0,1.0,[30.003333333333334]
124-ECG4,30000.0,natural,300.0,1.0,[200.00333333333333]
208-CHARISten,40870.0,natural,300.0,1.0,[60.00333333333333]
158-TkeepForthMARS,11308.0,natural,300.0,1.0,[97.00333333333333]
053-DISTORTEDWalkingAceleration1,6684.0,DISTORTED,300.0,1.0,[231.00333333333333]
031-DISTORTEDInternalBleeding20,7500.0,DISTORTED,300.0,1.0,[160.00333333333333]
015-DISTORTEDECG4,200000.0,DISTORTED,300.0,1.0,[300.00333333333333]
056-DISTORTEDapneaecg3,38379.0,DISTORTED,300.0,1.0,[100.00333333333333]
184-resperation10,195000.0,natural,300.0,1.0,[1180.0033333333333]
157-TkeepFirstMARS,11406.0,natural,300.0,1.0,[15.003333333333334]
035-DISTORTEDInternalBleeding8,7501.0,DISTORTED,300.0,1.0,[109.00333333333333]
226-mit14046longtermecg,190001.0,natural,300.0,1.0,[300.00333333333333]
052-DISTORTEDTkeepThirdMARS,11308.0,DISTORTED,300.0,1.0,[98.00333333333333]
171-gaitHunt2,64000.0,natural,300.0,1.0,[650.0033333333333]
160-TkeepThirdMARS,11308.0,natural,300.0,1.0,[98.00333333333333]
231-mit14134longtermecg,59000.0,natural,300.0,1.0,[260.00333333333333]
001-DISTORTED1sddb40,79795.0,DISTORTED,300.0,1.0,[620.0033333333333]
113-CIMIS44AirTemperature1,8184.0,natural,300.0,1.0,[1.0033333333333334]
040-DISTORTEDLab2Cmac011215EPG4,30066.0,DISTORTED,300.0,1.0,[130.00333333333333]
093-NOISE1sddb40,79795.0,NOISE,300.0,1.0,[620.0033333333333]
228-mit14134longtermecg,59000.0,natural,300.0,1.0,[20.003333333333334]
102-NOISEMesoplodonDensirostris,24667.0,NOISE,300.0,1.0,[160.00333333333333]
096-NOISEECG4,30000.0,NOISE,300.0,1.0,[200.00333333333333]
136-InternalBleeding17,7500.0,natural,300.0,1.0,[111.00333333333333]
082-DISTORTEDresperation4,195250.0,DISTORTED,300.0,1.0,[1.0033333333333334]
097-NOISEGP711MarkerLFM5z3,12000.0,NOISE,300.0,1.0,[45.00333333333333]
012-DISTORTEDECG2,30000.0,DISTORTED,300.0,1.0,[100.00333333333333]
246-tilt12755mtable,299867.0,natural,300.0,1.0,[270.00333333333333]
107-NOISEinsectEPG3,9998.0,NOISE,300.0,1.0,[50.00333333333333]
120-ECG2,30000.0,natural,300.0,1.0,[100.00333333333333]
134-InternalBleeding15,7601.0,natural,300.0,1.0,[170.00333333333333]
004-DISTORTEDBIDMC1,11000.0,DISTORTED,300.0,1.0,[200.00333333333333]
207-CHARISten,39870.0,natural,300.0,1.0,[60.00333333333333]
073-DISTORTEDpark3m,90000.0,DISTORTED,300.0,1.0,[345.00333333333333]
008-DISTORTEDCIMIS44AirTemperature4,8184.0,DISTORTED,300.0,1.0,[48.00333333333333]
105-NOISEgait3,65000.0,NOISE,300.0,1.0,[600.0033333333333]
068-DISTORTEDinsectEPG4,9998.0,DISTORTED,300.0,1.0,[50.00333333333333]
139-InternalBleeding20,7500.0,natural,300.0,1.0,[160.00333333333333]
017-DISTORTEDECG4,30000.0,DISTORTED,300.0,1.0,[100.00333333333333]
196-sel840mECG2,57001.0,natural,300.0,1.0,[370.00333333333333]
086-DISTORTEDsddb49,80000.0,DISTORTED,300.0,1.0,[250.00333333333333]
085-DISTORTEDs20101m,40000.0,DISTORTED,300.0,1.0,[100.00333333333333]
217-STAFFIIIDatabase,299690.0,natural,300.0,1.0,[650.0033333333333]
211-Italianpowerdemand,119580.0,natural,300.0,1.0,[96.00333333333333]
181-park3m,90000.0,natural,300.0,1.0,[345.00333333333333]
129-GP711MarkerLFM5z3,12000.0,natural,300.0,1.0,[45.00333333333333]
245-tilt12754table,298747.0,natural,300.0,1.0,[270.00333333333333]
234-mit14157longtermecg,98710.0,natural,300.0,1.0,[1.0033333333333334]
161-WalkingAceleration1,6684.0,natural,300.0,1.0,[231.00333333333333]
067-DISTORTEDinsectEPG3,9998.0,DISTORTED,300.0,1.0,[50.00333333333333]
170-gaitHunt1,64000.0,natural,300.0,1.0,[110.00333333333333]
118-CIMIS44AirTemperature6,8184.0,natural,300.0,1.0,[48.00333333333333]
143-InternalBleeding8,7501.0,natural,300.0,1.0,[109.00333333333333]
155-PowerDemand4,29931.0,natural,300.0,1.0,[72.00333333333333]
162-WalkingAceleration5,6684.0,natural,300.0,1.0,[59.00333333333333]
191-resperation9,195000.0,natural,300.0,1.0,[100.00333333333333]
034-DISTORTEDInternalBleeding6,7654.0,DISTORTED,300.0,1.0,[155.00333333333333]
110-2sddb40,80001.0,natural,300.0,1.0,[300.00333333333333]
009-DISTORTEDCIMIS44AirTemperature5,8184.0,DISTORTED,300.0,1.0,[48.00333333333333]
133-InternalBleeding14,7501.0,natural,300.0,1.0,[27.003333333333334]
088-DISTORTEDsel840mECG2,57001.0,DISTORTED,300.0,1.0,[370.00333333333333]
203-CHARISfive,41612.0,natural,300.0,1.0,[33.00333333333333]
010-DISTORTEDCIMIS44AirTemperature6,8184.0,DISTORTED,300.0,1.0,[48.00333333333333]
089-DISTORTEDtiltAPB1,130001.0,DISTORTED,300.0,1.0,[67.00333333333333]
037-DISTORTEDLab2Cmac011215EPG1,30001.0,DISTORTED,300.0,1.0,[50.00333333333333]
249-weallwalk,10524.0,natural,300.0,1.0,[30.003333333333334]
081-DISTORTEDresperation3,190100.0,DISTORTED,300.0,1.0,[1.0033333333333334]
128-GP711MarkerLFM5z2,12000.0,natural,300.0,1.0,[213.00333333333333]
201-CHARISfive,41347.0,natural,300.0,1.0,[15.003333333333334]
071-DISTORTEDltstdbs30791AS,55000.0,DISTORTED,300.0,1.0,[200.00333333333333]
083-DISTORTEDresperation9,195000.0,DISTORTED,300.0,1.0,[100.00333333333333]
166-apneaecg,38501.0,natural,300.0,1.0,[68.00333333333333]
235-mit14157longtermecg,97300.0,natural,300.0,1.0,[1.0033333333333334]
230-mit14134longtermecg,59000.0,natural,300.0,1.0,[100.00333333333333]
091-DISTORTEDtiltAPB3,129489.0,DISTORTED,300.0,1.0,[370.00333333333333]
148-Lab2Cmac011215EPG4,30066.0,natural,300.0,1.0,[130.00333333333333]
049-DISTORTEDTkeepFirstMARS,11406.0,DISTORTED,300.0,1.0,[15.003333333333334]
175-insectEPG3,9998.0,natural,300.0,1.0,[50.00333333333333]
038-DISTORTEDLab2Cmac011215EPG2,29950.0,DISTORTED,300.0,1.0,[70.00333333333333]
236-mit14157longtermecg,97000.0,natural,300.0,1.0,[40.00333333333333]
167-gait1,65000.0,natural,300.0,1.0,[300.00333333333333]
243-tilt12744mtable,250001.0,natural,300.0,1.0,[45.00333333333333]
187-resperation2,200051.0,natural,300.0,1.0,[0.0033333333333333335]
043-DISTORTEDMesoplodonDensirostris,24667.0,DISTORTED,300.0,1.0,[160.00333333333333]
174-insectEPG2,9998.0,natural,300.0,1.0,[25.003333333333334]
182-qtdbSel1005V,36001.0,natural,300.0,1.0,[400.00333333333333]
153-PowerDemand2,29931.0,natural,300.0,1.0,[360.00333333333333]
014-DISTORTEDECG3,30000.0,DISTORTED,300.0,1.0,[100.00333333333333]
095-NOISECIMIS44AirTemperature4,8184.0,NOISE,300.0,1.0,[48.00333333333333]
237-mit14157longtermecg,97000.0,natural,300.0,1.0,[810.0033333333333]
238-mit14157longtermecg,99000.0,natural,300.0,1.0,[180.00333333333333]
078-DISTORTEDresperation1,200000.0,DISTORTED,300.0,1.0,[152.00333333333333]
156-TkeepFifthMARS,11334.0,natural,300.0,1.0,[97.00333333333333]
116-CIMIS44AirTemperature4,8184.0,natural,300.0,1.0,[48.00333333333333]
011-DISTORTEDECG1,30000.0,DISTORTED,300.0,1.0,[300.00333333333333]
007-DISTORTEDCIMIS44AirTemperature3,8184.0,DISTORTED,300.0,1.0,[24.003333333333334]
169-gait3,65000.0,natural,300.0,1.0,[600.0033333333333]
218-STAFFIIIDatabase,299940.0,natural,300.0,1.0,[650.0033333333333]
054-DISTORTEDWalkingAceleration5,6684.0,DISTORTED,300.0,1.0,[59.00333333333333]
209-Fantasia,92000.0,natural,300.0,1.0,[300.00333333333333]
046-DISTORTEDPowerDemand3,29931.0,DISTORTED,300.0,1.0,[72.00333333333333]
025-DISTORTEDInternalBleeding14,7501.0,DISTORTED,300.0,1.0,[27.003333333333334]
094-NOISEBIDMC1,11000.0,NOISE,300.0,1.0,[200.00333333333333]
142-InternalBleeding6,7654.0,natural,300.0,1.0,[155.00333333333333]
159-TkeepSecondMARS,11388.0,natural,300.0,1.0,[10.003333333333334]
206-CHARISten,42000.0,natural,300.0,1.0,[60.00333333333333]
138-InternalBleeding19,7500.0,natural,300.0,1.0,[10.003333333333334]
123-ECG4,200000.0,natural,300.0,1.0,[300.00333333333333]
135-InternalBleeding16,7501.0,natural,300.0,1.0,[12.003333333333334]
192-s20101mML2,40000.0,natural,300.0,1.0,[100.00333333333333]
185-resperation11,195000.0,natural,300.0,1.0,[1.0033333333333334]
115-CIMIS44AirTemperature3,8184.0,natural,300.0,1.0,[24.003333333333334]
140-InternalBleeding4,7321.0,natural,300.0,1.0,[358.00333333333333]
101-NOISELab2Cmac011215EPG4,30066.0,NOISE,300.0,1.0,[130.00333333333333]
080-DISTORTEDresperation2,190050.0,DISTORTED,300.0,1.0,[1.0033333333333334]
119-ECG1,30000.0,natural,300.0,1.0,[300.00333333333333]
200-tiltAPB4,128001.0,natural,300.0,1.0,[1.0033333333333334]
090-DISTORTEDtiltAPB2,128767.0,DISTORTED,300.0,1.0,[826.0033333333333]
177-insectEPG5,10028.0,natural,300.0,1.0,[1.0033333333333334]
205-CHARISfive,39870.0,natural,300.0,1.0,[90.00333333333333]
061-DISTORTEDgait3,65000.0,DISTORTED,300.0,1.0,[600.0033333333333]
047-DISTORTEDPowerDemand4,29931.0,DISTORTED,300.0,1.0,[72.00333333333333]
117-CIMIS44AirTemperature5,8184.0,natural,300.0,1.0,[48.00333333333333]
145-Lab2Cmac011215EPG1,30001.0,natural,300.0,1.0,[50.00333333333333]
019-DISTORTEDGP711MarkerLFM5z1,12000.0,DISTORTED,300.0,1.0,[44.00333333333333]
131-GP711MarkerLFM5z5,12000.0,natural,300.0,1.0,[104.00333333333333]
127-GP711MarkerLFM5z1,12000.0,natural,300.0,1.0,[44.00333333333333]
021-DISTORTEDGP711MarkerLFM5z3,12000.0,DISTORTED,300.0,1.0,[45.00333333333333]
168-gait2,65000.0,natural,300.0,1.0,[300.00333333333333]
065-DISTORTEDinsectEPG1,10001.0,DISTORTED,300.0,1.0,[30.003333333333334]
154-PowerDemand3,29931.0,natural,300.0,1.0,[72.00333333333333]
072-DISTORTEDltstdbs30791ES,55000.0,DISTORTED,300.0,1.0,[200.00333333333333]
121-ECG3,30000.0,natural,300.0,1.0,[100.00333333333333]
076-DISTORTEDresperation10,195000.0,DISTORTED,300.0,1.0,[1180.0033333333333]
029-DISTORTEDInternalBleeding18,7500.0,DISTORTED,300.0,1.0,[102.00333333333333]
248-weallwalk,8432.0,natural,300.0,1.0,[5.003333333333333]
239-taichidbS0715Master,897667.0,natural,300.0,1.0,[64.00333333333333]
024-DISTORTEDInternalBleeding10,7501.0,DISTORTED,300.0,1.0,[30.003333333333334]
195-sel840mECG1,60000.0,natural,300.0,1.0,[370.00333333333333]
188-resperation2,190050.0,natural,300.0,1.0,[1.0033333333333334]
112-BIDMC1,11000.0,natural,300.0,1.0,[200.00333333333333]
122-ECG3,30000.0,natural,300.0,1.0,[100.00333333333333]
100-NOISELab2Cmac011215EPG1,30001.0,NOISE,300.0,1.0,[50.00333333333333]
215-STAFFIIIDatabase,299990.0,natural,300.0,1.0,[650.0033333333333]
240-taichidbS0715Master,900000.0,natural,300.0,1.0,[100.00333333333333]
018-DISTORTEDECG4,30000.0,DISTORTED,300.0,1.0,[100.00333333333333]
197-tiltAPB1,130001.0,natural,300.0,1.0,[67.00333333333333]
050-DISTORTEDTkeepForthMARS,11308.0,DISTORTED,300.0,1.0,[97.00333333333333]
063-DISTORTEDgaitHunt2,64000.0,DISTORTED,300.0,1.0,[650.0033333333333]
075-DISTORTEDqtdbSel100MLII,30000.0,DISTORTED,300.0,1.0,[400.00333333333333]
132-InternalBleeding10,7501.0,natural,300.0,1.0,[30.003333333333334]
109-1sddb40,79795.0,natural,300.0,1.0,[620.0033333333333]
176-insectEPG4,9998.0,natural,300.0,1.0,[50.00333333333333]
098-NOISEInternalBleeding16,7501.0,NOISE,300.0,1.0,[12.003333333333334]
